--
-- load state table data
--
INSERT INTO STATE VALUES                                                        
('ACT','AUSTRALIAN CAPITAL TERRITORY');                                         
INSERT INTO STATE VALUES                                                        
('NSW','NEW SOUTH WALES');                                                      
INSERT INTO STATE VALUES                                                        
('QLD','QUEENSLAND');                                                           
INSERT INTO STATE VALUES                                                        
('SA ','SOUTH AUSTRALIA');                                                      
INSERT INTO STATE VALUES                                                        
('TAS','TASMANIA');                                                             
INSERT INTO STATE VALUES                                                        
('VIC','VICTORIA');                                                             
INSERT INTO STATE VALUES                                                        
('WA ','WESTERN AUSTRALIA');
--
-- load region table data
--
INSERT INTO REGION VALUES                                                       
('BAR     ','SA ','BAROSSA VALLEY      ');                                        
INSERT INTO REGION VALUES                                                       
('COON    ','SA ','COONAWARRA          ');                                        
INSERT INTO REGION VALUES                                                       
('HUNT    ','NSW','HUNTER VALLEY       ');                                        
INSERT INTO REGION VALUES                                                       
('MACL    ','SA ','MACLAREN VALE       ');                                        
INSERT INTO REGION VALUES                                                       
('MUDGE   ','NSW','MUDGEE              ');                                        
INSERT INTO REGION VALUES                                                       
('SWAN    ','WA ','SWAN VALLEY         ');                                        
INSERT INTO REGION VALUES                                                       
('TASN    ','TAS','NORTHERN REGION     ');                                        
INSERT INTO REGION VALUES                                                       
('VICNE   ','VIC','NORTH EASTERN REGION');                                        
INSERT INTO REGION VALUES                                                       
('YARRA   ','VIC','YARRA VALLEY        ');
--
-- load producer table data
--
INSERT INTO PRODUCER VALUES                                                     
('BROWN ','BROWN BROS. ');                                                      
INSERT INTO PRODUCER VALUES                                                     
('HARDY ','HARDY       ');                                                      
INSERT INTO PRODUCER VALUES                                                     
('HOUGHT','HOUGHTON     ');                                                     
INSERT INTO PRODUCER VALUES                                                     
('INDEP ','INDEPENDENT WINE GROWERS ASSOC');                                    
INSERT INTO PRODUCER VALUES                                                     
('LIN   ','LINDEMANS   ');                                                      
INSERT INTO PRODUCER VALUES                                                     
('ORL   ','ORLANDO     ');                                                      
INSERT INTO PRODUCER VALUES                                                     
('PEN   ','PENFOLDS    ');                                                      
INSERT INTO PRODUCER VALUES                                                     
('PIPER ','PIPERS  BROOK');                                                     
INSERT INTO PRODUCER VALUES                                                     
('SEP   ','SEPPELTS    ');
--
-- load class table data
--
INSERT INTO CLASS VALUES                                                        
('BURGW ','WHITE BURGUNDY            ','WHITE');                                
INSERT INTO CLASS VALUES                                                        
('CABSAV','CABERNET SAUVIGNON        ','RED  ');                                
INSERT INTO CLASS VALUES                                                        
('CABSHI','CABERNET SHIRAZ           ','RED  ');                                
INSERT INTO CLASS VALUES                                                        
('CHARDN','CHARDONNAY                ','WHITE');                                
INSERT INTO CLASS VALUES                                                        
('FRASC ','FRASCATI                  ','WHITE');                                
INSERT INTO CLASS VALUES                                                        
('MALBEC','MALBEC                    ','RED  ');                                
INSERT INTO CLASS VALUES                                                        
('MARSN ','MARSANNE                  ','WHITE');                                
INSERT INTO CLASS VALUES                                                        
('MERLOT','MERLOT                    ','RED  ');                                
INSERT INTO CLASS VALUES                                                        
('PINOT ','PINOT NOIR                ','RED  ');                                
INSERT INTO CLASS VALUES                                                        
('RIES  ','RHINE RIESLING            ','WHITE');                                
INSERT INTO CLASS VALUES                                                        
('ROSE  ','ROSE                      ','PINK ');                                
INSERT INTO CLASS VALUES                                                        
('SEMILL','SEMILLON                  ','WHITE');                                
INSERT INTO CLASS VALUES                                                        
('SHIRAZ','SHIRAZ                    ','RED  ');                                
INSERT INTO CLASS VALUES                                                        
('TRAMIN','GEWURTZTRAMINER           ','WHITE');                                
INSERT INTO CLASS VALUES                                                        
('TRRIES','TRAMINER RIESLING         ','WHITE');
--
-- load vineyard table data
--
INSERT INTO VINEYARD VALUES                                                     
('V001    ','BROWN ','VICNE   ','MILAWARA        ','JAMES BROWN','XXXXXXXXXXXXXXXXXXXXXXXXXXXXXXXXXXXXXXXXXXXXXXXXXXXXXXXXXXXXXXXXXXXXXXXXXXXXXXXXXXXXXXXX');         
INSERT INTO VINEYARD VALUES                                                     
('V002    ','BROWN ','VICNE   ','WHITFIELD GORGE ','THOMAS BROWN','XXXXXXXXXXXXXXXXXXXXXXXXXXXXXXXXXXXXXXXXXXXXXXXXXXXXXXXXXXXXXXXXXXXXXXXXXXXXXXXXXXXXXXX');         
INSERT INTO VINEYARD VALUES                                                     
('V003    ','HARDY ','HUNT    ','MUSWELL BROOK   ','TOM FORSTER','XXXXXXXXXXXXXXXXXXXXXXXXXXXXXXXXXXXXXXXXXXXXXXXXXXXXXXXXXXXXXXXXXXXXXXXXXXXXXXXXXXXXXXXX');         
INSERT INTO VINEYARD VALUES                                                     
('V004    ','HARDY ','MUDGE   ','KATOOMBA        ','JOHN JAMIESON','XXXXXXXXXXXXXXXXXXXXXXXXXXXXXXXXXXXXXXXXXXXXXXXXXXXXXXXXXXXXXXXXXXXXXXXXXXXXXXXXXXXXXXXX ');         
INSERT INTO VINEYARD VALUES                                                     
('V005    ','HOUGHT','SWAN    ','DARLING DOWNS   ','JIM PETERSON','XXXXXXXXXXXXXXXXXXXXXXXXXXXXXXXXXXXXXXXXXXXXXXXXXXXXXXXXXXXXXXXXXXXXXXXXXXXXXXXXXXXXXXX');         
INSERT INTO VINEYARD VALUES                                                     
('V006    ','LIN   ','COON    ','CURRENCY CREEK  ','NIGEL KILKENNY','XXXXXXXXXXXXXXXXXXXXXXXXXXXXXXXXXXXXXXXXXXXXXXXXXXXXXXXXXXXXXXXXXXXXXXXXXXXXXXXXXXXXXXXXXXXXX');         
INSERT INTO VINEYARD VALUES                                                     
('V007    ','LIN   ','COON    ','WINDY HILL      ','PATRICK KELLY','XXXXXXXXXXXXXXXXXXXXXXXXXXXXXXXXXXXXXXXXXXXXXXXXXXXXXXXXXXXXXXXXXXXXXXXXXXXXXXXXXXXXXXXXX');         
INSERT INTO VINEYARD VALUES                                                     
('V008    ','ORL   ','COON    ','DEAD MANS GULLY ','JACK HENSON','XXXXXXXXXXXXXXXXXXXXXXXXXXXXXXXXXXXXXXXXXXXXXXXXXXXXXXXXXXXXXXXXXXXXXXXXXXXXXXXXXXXXXXXXXXXXX');         
INSERT INTO VINEYARD VALUES                                                     
('V009    ','ORL   ','BAR     ','HAWKERS CREEK   ','VIC SMITH','XXXXXXXXXXXXXXXXXXXXXXXXXXXXXXXXXXXXXXXXXXXXXXXXXXXXXXXXXXXXXXXXXXXXXXXXXXXXXXXXXXXXXXXX');         
INSERT INTO VINEYARD VALUES                                                     
('V010    ','PEN   ','MACL    ','LONG FLAT       ','LAWRENCE GREEN','XXXXXXXXXXXXXXXXXXXXXXXXXXXXXXXXXXXXXXXXXXXXXXXXXXXXXXXXXXXXXXXXXXXXXXXXXXXXXXXXXXXXXXXXXXX');         
INSERT INTO VINEYARD VALUES                                                     
('V011    ','PEN   ','COON    ','JAMESTOWN       ','TOBY JACKSON','XXXXXXXXXXXXXXXXXXXXXXXXXXXXXXXXXXXXXXXXXXXXXXXXXXXXXXXXXXXXXXXXXXXXXXXXXXXXXXXXXXXXXX');         
INSERT INTO VINEYARD VALUES                                                     
('V012    ','PIPER ','TASN    ','PIPERS BROOK    ','JACK BURGESS','XXXXXXXXXXXXXXXXXXXXXXXXXXXXXXXXXXXXXXXXXXXXXXXXXXXXXXXXXXXXXXXXXXXXXXXXXXXXXXXXXXXXXXXXX');         
INSERT INTO VINEYARD VALUES                                                     
('V013    ','SEP   ','BAR     ','SEPPELTS        ','ED BENNETT','XXXXXXXXXXXXXXXXXXXXXXXXXXXXXXXXXXXXXXXXXXXXXXXXXXXXXXXXXXXXXXXXXXXXXXXXXXXXXXXXXXXXXXXXXXXXXXXXXXXX');         
INSERT INTO VINEYARD VALUES                                                     
('V014    ','INDEP ','TASN    ','PIPERS CREEK    ','JANE HENSELY','XXXXXXXXXXXXXXXXXXXXXXXXXXXXXXXXXXXXXXXXXXXXXXXXXXXXXXXXXXXXXXXXXXXXXXXXXXXXXXXXXXXXXXXXXXXXXXXXX');         
INSERT INTO VINEYARD VALUES                                                     
('V015    ','INDEP ','YARRA   ','WINDY PEAK      ','OWEN BURNS','XXXXXXXXXXXXXXXXXXXXXXXXXXXXXXXXXXXXXXXXXXXXXXXXXXXXXXXXXXXXXXXXXXXXXXXXXXXXXXXXXXXXXXXXXXXXXX');         
INSERT INTO VINEYARD VALUES                                                      
('V016    ','INDEP ','YARRA   ','JASPER HILL     ','DAVID OAKLEY','XXXXXXXXXXXXXXXXXXXXXXXXXXXXXXXXXXXXXXXXXXXXXXXXXXXXXXXXXXXXXXXXXXXXXXXXXXXXXXXXXXXXXXXXXXXXXXX');         
INSERT INTO VINEYARD VALUES                                                     
('V017    ','INDEP ','YARRA   ','VIRGIN HILLS    ','WARREN GARDINER ','XXXXXXXXXXXXXXXXXXXXXXXXXXXXXXXXXXXXXXXXXXXXXXXXXXXXXXXXXXXXXXXXXXXXXXXXXXXXXXXXXXXXXXXXXXXXXXX');         
INSERT INTO VINEYARD VALUES                                                     
('V018    ','INDEP ','SWAN    ','MARGARET RIVER  ','KIM LYNCH','XXXXXXXXXXXXXXXXXXXXXXXXXXXXXXXXXXXXXXXXXXXXXXXXXXXXXXXXXXXXXXXXXXXXXXXXXXXXXXXXXXXXXXXXXXXXXXXXXX');         
INSERT INTO VINEYARD VALUES                                                     
('V019    ','INDEP ','SWAN    ','MULLEWA HILL    ','GUY LYNCH','XXXXXXXXXXXXXXXXXXXXXXXXXXXXXXXXXXXXXXXXXXXXXXXXXXXXXXXXXXXXXXXXXXXXXXXXXXXXXXXXXXXXXXXXXXXXXXXXXX');         
INSERT INTO VINEYARD VALUES                                                     
('V020    ','INDEP ','VICNE   ','LONG GULLY      ','PETER WESTON','XXXXXXXXXXXXXXXXXXXXXXXXXXXXXXXXXXXXXXXXXXXXXXXXXXXXXXXXXXXXXXXXXXXXXXXXXXXXXXXXXXXXXXXXXXXXXXX');         
INSERT INTO VINEYARD VALUES                                                     
('V101    ','BROWN ','VICNE   ','MILAWARA        ','JAMES BROWN','XXXXXXXXXXXXXXXXXXXXXXXXXXXXXXXXXXXXXXXXXXXXXXXXXXXXXXXXXXXXXXXXXXXXXXXXXXXXXXXXXXXXXXXX');         
INSERT INTO VINEYARD VALUES                                                     
('V102    ','BROWN ','VICNE   ','WHITFIELD GORGE ','THOMAS BROWN','XXXXXXXXXXXXXXXXXXXXXXXXXXXXXXXXXXXXXXXXXXXXXXXXXXXXXXXXXXXXXXXXXXXXXXXXXXXXXXXXXXXXXXX');         
INSERT INTO VINEYARD VALUES                                                     
('V103    ','HARDY ','HUNT    ','MUSWELL BROOK   ','TOM FORSTER','XXXXXXXXXXXXXXXXXXXXXXXXXXXXXXXXXXXXXXXXXXXXXXXXXXXXXXXXXXXXXXXXXXXXXXXXXXXXXXXXXXXXXXXX');         
INSERT INTO VINEYARD VALUES                                                     
('V104    ','HARDY ','MUDGE   ','KATOOMBA        ','JOHN JAMIESON','XXXXXXXXXXXXXXXXXXXXXXXXXXXXXXXXXXXXXXXXXXXXXXXXXXXXXXXXXXXXXXXXXXXXXXXXXXXXXXXXXXXXXXXX ');         
INSERT INTO VINEYARD VALUES                                                     
('V105    ','HOUGHT','SWAN    ','DARLING DOWNS   ','JIM PETERSON','XXXXXXXXXXXXXXXXXXXXXXXXXXXXXXXXXXXXXXXXXXXXXXXXXXXXXXXXXXXXXXXXXXXXXXXXXXXXXXXXXXXXXXX');         
INSERT INTO VINEYARD VALUES                                                     
('V106    ','LIN   ','COON    ','CURRENCY CREEK  ','NIGEL KILKENNY','XXXXXXXXXXXXXXXXXXXXXXXXXXXXXXXXXXXXXXXXXXXXXXXXXXXXXXXXXXXXXXXXXXXXXXXXXXXXXXXXXXXXXXXXXXXXX');         
INSERT INTO VINEYARD VALUES                                                     
('V107    ','LIN   ','COON    ','WINDY HILL      ','PATRICK KELLY','XXXXXXXXXXXXXXXXXXXXXXXXXXXXXXXXXXXXXXXXXXXXXXXXXXXXXXXXXXXXXXXXXXXXXXXXXXXXXXXXXXXXXXXXX');         
INSERT INTO VINEYARD VALUES                                                     
('V108    ','ORL   ','COON    ','DEAD MANS GULLY ','JACK HENSON','XXXXXXXXXXXXXXXXXXXXXXXXXXXXXXXXXXXXXXXXXXXXXXXXXXXXXXXXXXXXXXXXXXXXXXXXXXXXXXXXXXXXXXXXXXXXX');         
INSERT INTO VINEYARD VALUES                                                     
('V109    ','ORL   ','BAR     ','HAWKERS CREEK   ','VIC SMITH','XXXXXXXXXXXXXXXXXXXXXXXXXXXXXXXXXXXXXXXXXXXXXXXXXXXXXXXXXXXXXXXXXXXXXXXXXXXXXXXXXXXXXXXX');         
INSERT INTO VINEYARD VALUES                                                     
('V110    ','PEN   ','MACL    ','LONG FLAT       ','LAWRENCE GREEN','XXXXXXXXXXXXXXXXXXXXXXXXXXXXXXXXXXXXXXXXXXXXXXXXXXXXXXXXXXXXXXXXXXXXXXXXXXXXXXXXXXXXXXXXXXX');         
INSERT INTO VINEYARD VALUES                                                     
('V111    ','PEN   ','COON    ','JAMESTOWN       ','TOBY JACKSON','XXXXXXXXXXXXXXXXXXXXXXXXXXXXXXXXXXXXXXXXXXXXXXXXXXXXXXXXXXXXXXXXXXXXXXXXXXXXXXXXXXXXXX');         
INSERT INTO VINEYARD VALUES                                                     
('V112    ','PIPER ','TASN    ','PIPERS BROOK    ','JACK BURGESS','XXXXXXXXXXXXXXXXXXXXXXXXXXXXXXXXXXXXXXXXXXXXXXXXXXXXXXXXXXXXXXXXXXXXXXXXXXXXXXXXXXXXXXXXX');         
INSERT INTO VINEYARD VALUES                                                     
('V113    ','SEP   ','BAR     ','SEPPELTS        ','ED BENNETT','XXXXXXXXXXXXXXXXXXXXXXXXXXXXXXXXXXXXXXXXXXXXXXXXXXXXXXXXXXXXXXXXXXXXXXXXXXXXXXXXXXXXXXXXXXXXXXXXXXXX');         
INSERT INTO VINEYARD VALUES                                                     
('V114    ','INDEP ','TASN    ','PIPERS CREEK    ','JANE HENSELY','XXXXXXXXXXXXXXXXXXXXXXXXXXXXXXXXXXXXXXXXXXXXXXXXXXXXXXXXXXXXXXXXXXXXXXXXXXXXXXXXXXXXXXXXXXXXXXXXX');         
INSERT INTO VINEYARD VALUES                                                     
('V115    ','INDEP ','YARRA   ','WINDY PEAK      ','OWEN BURNS','XXXXXXXXXXXXXXXXXXXXXXXXXXXXXXXXXXXXXXXXXXXXXXXXXXXXXXXXXXXXXXXXXXXXXXXXXXXXXXXXXXXXXXXXXXXXXX');         
INSERT INTO VINEYARD VALUES                                                      
('V116    ','INDEP ','YARRA   ','JASPER HILL     ','DAVID OAKLEY','XXXXXXXXXXXXXXXXXXXXXXXXXXXXXXXXXXXXXXXXXXXXXXXXXXXXXXXXXXXXXXXXXXXXXXXXXXXXXXXXXXXXXXXXXXXXXXX');         
INSERT INTO VINEYARD VALUES                                                     
('V117    ','INDEP ','YARRA   ','VIRGIN HILLS    ','WARREN GARDINER ','XXXXXXXXXXXXXXXXXXXXXXXXXXXXXXXXXXXXXXXXXXXXXXXXXXXXXXXXXXXXXXXXXXXXXXXXXXXXXXXXXXXXXXXXXXXXXXX');         
INSERT INTO VINEYARD VALUES                                                     
('V118    ','INDEP ','SWAN    ','MARGARET RIVER  ','KIM LYNCH','XXXXXXXXXXXXXXXXXXXXXXXXXXXXXXXXXXXXXXXXXXXXXXXXXXXXXXXXXXXXXXXXXXXXXXXXXXXXXXXXXXXXXXXXXXXXXXXXXX');         
INSERT INTO VINEYARD VALUES                                                     
('V119    ','INDEP ','SWAN    ','MULLEWA HILL    ','GUY LYNCH','XXXXXXXXXXXXXXXXXXXXXXXXXXXXXXXXXXXXXXXXXXXXXXXXXXXXXXXXXXXXXXXXXXXXXXXXXXXXXXXXXXXXXXXXXXXXXXXXXX');         
INSERT INTO VINEYARD VALUES                                                     
('V120    ','INDEP ','VICNE   ','LONG GULLY      ','PETER WESTON','XXXXXXXXXXXXXXXXXXXXXXXXXXXXXXXXXXXXXXXXXXXXXXXXXXXXXXXXXXXXXXXXXXXXXXXXXXXXXXXXXXXXXXXXXXXXXXX');         
INSERT INTO VINEYARD VALUES                                                     
('V201    ','BROWN ','VICNE   ','MILAWARA        ','JAMES BROWN','XXXXXXXXXXXXXXXXXXXXXXXXXXXXXXXXXXXXXXXXXXXXXXXXXXXXXXXXXXXXXXXXXXXXXXXXXXXXXXXXXXXXXXXX');         
INSERT INTO VINEYARD VALUES                                                     
('V202    ','BROWN ','VICNE   ','WHITFIELD GORGE ','THOMAS BROWN','XXXXXXXXXXXXXXXXXXXXXXXXXXXXXXXXXXXXXXXXXXXXXXXXXXXXXXXXXXXXXXXXXXXXXXXXXXXXXXXXXXXXXXX');         
INSERT INTO VINEYARD VALUES                                                     
('V203    ','HARDY ','HUNT    ','MUSWELL BROOK   ','TOM FORSTER','XXXXXXXXXXXXXXXXXXXXXXXXXXXXXXXXXXXXXXXXXXXXXXXXXXXXXXXXXXXXXXXXXXXXXXXXXXXXXXXXXXXXXXXX');         
INSERT INTO VINEYARD VALUES                                                     
('V204    ','HARDY ','MUDGE   ','KATOOMBA        ','JOHN JAMIESON','XXXXXXXXXXXXXXXXXXXXXXXXXXXXXXXXXXXXXXXXXXXXXXXXXXXXXXXXXXXXXXXXXXXXXXXXXXXXXXXXXXXXXXXX ');         
INSERT INTO VINEYARD VALUES                                                     
('V205    ','HOUGHT','SWAN    ','DARLING DOWNS   ','JIM PETERSON','XXXXXXXXXXXXXXXXXXXXXXXXXXXXXXXXXXXXXXXXXXXXXXXXXXXXXXXXXXXXXXXXXXXXXXXXXXXXXXXXXXXXXXX');         
INSERT INTO VINEYARD VALUES                                                     
('V206    ','LIN   ','COON    ','CURRENCY CREEK  ','NIGEL KILKENNY','XXXXXXXXXXXXXXXXXXXXXXXXXXXXXXXXXXXXXXXXXXXXXXXXXXXXXXXXXXXXXXXXXXXXXXXXXXXXXXXXXXXXXXXXXXXXX');         
INSERT INTO VINEYARD VALUES                                                     
('V207    ','LIN   ','COON    ','WINDY HILL      ','PATRICK KELLY','XXXXXXXXXXXXXXXXXXXXXXXXXXXXXXXXXXXXXXXXXXXXXXXXXXXXXXXXXXXXXXXXXXXXXXXXXXXXXXXXXXXXXXXXX');         
INSERT INTO VINEYARD VALUES                                                     
('V208    ','ORL   ','COON    ','DEAD MANS GULLY ','JACK HENSON','XXXXXXXXXXXXXXXXXXXXXXXXXXXXXXXXXXXXXXXXXXXXXXXXXXXXXXXXXXXXXXXXXXXXXXXXXXXXXXXXXXXXXXXXXXXXX');         
INSERT INTO VINEYARD VALUES                                                     
('V209    ','ORL   ','BAR     ','HAWKERS CREEK   ','VIC SMITH','XXXXXXXXXXXXXXXXXXXXXXXXXXXXXXXXXXXXXXXXXXXXXXXXXXXXXXXXXXXXXXXXXXXXXXXXXXXXXXXXXXXXXXXX');         
INSERT INTO VINEYARD VALUES                                                     
('V210    ','PEN   ','MACL    ','LONG FLAT       ','LAWRENCE GREEN','XXXXXXXXXXXXXXXXXXXXXXXXXXXXXXXXXXXXXXXXXXXXXXXXXXXXXXXXXXXXXXXXXXXXXXXXXXXXXXXXXXXXXXXXXXX');         
INSERT INTO VINEYARD VALUES                                                     
('V211    ','PEN   ','COON    ','JAMESTOWN       ','TOBY JACKSON','XXXXXXXXXXXXXXXXXXXXXXXXXXXXXXXXXXXXXXXXXXXXXXXXXXXXXXXXXXXXXXXXXXXXXXXXXXXXXXXXXXXXXX');         
INSERT INTO VINEYARD VALUES                                                     
('V212    ','PIPER ','TASN    ','PIPERS BROOK    ','JACK BURGESS','XXXXXXXXXXXXXXXXXXXXXXXXXXXXXXXXXXXXXXXXXXXXXXXXXXXXXXXXXXXXXXXXXXXXXXXXXXXXXXXXXXXXXXXXX');         
INSERT INTO VINEYARD VALUES                                                     
('V213    ','SEP   ','BAR     ','SEPPELTS        ','ED BENNETT','XXXXXXXXXXXXXXXXXXXXXXXXXXXXXXXXXXXXXXXXXXXXXXXXXXXXXXXXXXXXXXXXXXXXXXXXXXXXXXXXXXXXXXXXXXXXXXXXXXXX');         
INSERT INTO VINEYARD VALUES                                                     
('V214    ','INDEP ','TASN    ','PIPERS CREEK    ','JANE HENSELY','XXXXXXXXXXXXXXXXXXXXXXXXXXXXXXXXXXXXXXXXXXXXXXXXXXXXXXXXXXXXXXXXXXXXXXXXXXXXXXXXXXXXXXXXXXXXXXXXX');         
INSERT INTO VINEYARD VALUES                                                     
('V215    ','INDEP ','YARRA   ','WINDY PEAK      ','OWEN BURNS','XXXXXXXXXXXXXXXXXXXXXXXXXXXXXXXXXXXXXXXXXXXXXXXXXXXXXXXXXXXXXXXXXXXXXXXXXXXXXXXXXXXXXXXXXXXXXX');         
INSERT INTO VINEYARD VALUES                                                      
('V216    ','INDEP ','YARRA   ','JASPER HILL     ','DAVID OAKLEY','XXXXXXXXXXXXXXXXXXXXXXXXXXXXXXXXXXXXXXXXXXXXXXXXXXXXXXXXXXXXXXXXXXXXXXXXXXXXXXXXXXXXXXXXXXXXXXX');         
INSERT INTO VINEYARD VALUES                                                     
('V217    ','INDEP ','YARRA   ','VIRGIN HILLS    ','WARREN GARDINER ','XXXXXXXXXXXXXXXXXXXXXXXXXXXXXXXXXXXXXXXXXXXXXXXXXXXXXXXXXXXXXXXXXXXXXXXXXXXXXXXXXXXXXXXXXXXXXXX');         
INSERT INTO VINEYARD VALUES                                                     
('V218    ','INDEP ','SWAN    ','MARGARET RIVER  ','KIM LYNCH','XXXXXXXXXXXXXXXXXXXXXXXXXXXXXXXXXXXXXXXXXXXXXXXXXXXXXXXXXXXXXXXXXXXXXXXXXXXXXXXXXXXXXXXXXXXXXXXXXX');         
INSERT INTO VINEYARD VALUES                                                     
('V219    ','INDEP ','SWAN    ','MULLEWA HILL    ','GUY LYNCH','XXXXXXXXXXXXXXXXXXXXXXXXXXXXXXXXXXXXXXXXXXXXXXXXXXXXXXXXXXXXXXXXXXXXXXXXXXXXXXXXXXXXXXXXXXXXXXXXXX');         
INSERT INTO VINEYARD VALUES                                                     
('V220    ','INDEP ','VICNE   ','LONG GULLY      ','PETER WESTON','XXXXXXXXXXXXXXXXXXXXXXXXXXXXXXXXXXXXXXXXXXXXXXXXXXXXXXXXXXXXXXXXXXXXXXXXXXXXXXXXXXXXXXXXXXXXXXX');         
INSERT INTO VINEYARD VALUES                                                     
('V301    ','BROWN ','VICNE   ','MILAWARA        ','JAMES BROWN','XXXXXXXXXXXXXXXXXXXXXXXXXXXXXXXXXXXXXXXXXXXXXXXXXXXXXXXXXXXXXXXXXXXXXXXXXXXXXXXXXXXXXXXX');         
INSERT INTO VINEYARD VALUES                                                     
('V302    ','BROWN ','VICNE   ','WHITFIELD GORGE ','THOMAS BROWN','XXXXXXXXXXXXXXXXXXXXXXXXXXXXXXXXXXXXXXXXXXXXXXXXXXXXXXXXXXXXXXXXXXXXXXXXXXXXXXXXXXXXXXX');         
INSERT INTO VINEYARD VALUES                                                     
('V303    ','HARDY ','HUNT    ','MUSWELL BROOK   ','TOM FORSTER','XXXXXXXXXXXXXXXXXXXXXXXXXXXXXXXXXXXXXXXXXXXXXXXXXXXXXXXXXXXXXXXXXXXXXXXXXXXXXXXXXXXXXXXX');         
INSERT INTO VINEYARD VALUES                                                     
('V304    ','HARDY ','MUDGE   ','KATOOMBA        ','JOHN JAMIESON','XXXXXXXXXXXXXXXXXXXXXXXXXXXXXXXXXXXXXXXXXXXXXXXXXXXXXXXXXXXXXXXXXXXXXXXXXXXXXXXXXXXXXXXX ');         
INSERT INTO VINEYARD VALUES                                                     
('V305    ','HOUGHT','SWAN    ','DARLING DOWNS   ','JIM PETERSON','XXXXXXXXXXXXXXXXXXXXXXXXXXXXXXXXXXXXXXXXXXXXXXXXXXXXXXXXXXXXXXXXXXXXXXXXXXXXXXXXXXXXXXX');         
INSERT INTO VINEYARD VALUES                                                     
('V306    ','LIN   ','COON    ','CURRENCY CREEK  ','NIGEL KILKENNY','XXXXXXXXXXXXXXXXXXXXXXXXXXXXXXXXXXXXXXXXXXXXXXXXXXXXXXXXXXXXXXXXXXXXXXXXXXXXXXXXXXXXXXXXXXXXX');         
INSERT INTO VINEYARD VALUES                                                     
('V307    ','LIN   ','COON    ','WINDY HILL      ','PATRICK KELLY','XXXXXXXXXXXXXXXXXXXXXXXXXXXXXXXXXXXXXXXXXXXXXXXXXXXXXXXXXXXXXXXXXXXXXXXXXXXXXXXXXXXXXXXXX');         
INSERT INTO VINEYARD VALUES                                                     
('V308    ','ORL   ','COON    ','DEAD MANS GULLY ','JACK HENSON','XXXXXXXXXXXXXXXXXXXXXXXXXXXXXXXXXXXXXXXXXXXXXXXXXXXXXXXXXXXXXXXXXXXXXXXXXXXXXXXXXXXXXXXXXXXXX');         
INSERT INTO VINEYARD VALUES                                                     
('V309    ','ORL   ','BAR     ','HAWKERS CREEK   ','VIC SMITH','XXXXXXXXXXXXXXXXXXXXXXXXXXXXXXXXXXXXXXXXXXXXXXXXXXXXXXXXXXXXXXXXXXXXXXXXXXXXXXXXXXXXXXXX');         
INSERT INTO VINEYARD VALUES                                                     
('V310    ','PEN   ','MACL    ','LONG FLAT       ','LAWRENCE GREEN','XXXXXXXXXXXXXXXXXXXXXXXXXXXXXXXXXXXXXXXXXXXXXXXXXXXXXXXXXXXXXXXXXXXXXXXXXXXXXXXXXXXXXXXXXXX');         
INSERT INTO VINEYARD VALUES                                                     
('V311    ','PEN   ','COON    ','JAMESTOWN       ','TOBY JACKSON','XXXXXXXXXXXXXXXXXXXXXXXXXXXXXXXXXXXXXXXXXXXXXXXXXXXXXXXXXXXXXXXXXXXXXXXXXXXXXXXXXXXXXX');         
INSERT INTO VINEYARD VALUES                                                     
('V312    ','PIPER ','TASN    ','PIPERS BROOK    ','JACK BURGESS','XXXXXXXXXXXXXXXXXXXXXXXXXXXXXXXXXXXXXXXXXXXXXXXXXXXXXXXXXXXXXXXXXXXXXXXXXXXXXXXXXXXXXXXXX');         
INSERT INTO VINEYARD VALUES                                                     
('V313    ','SEP   ','BAR     ','SEPPELTS        ','ED BENNETT','XXXXXXXXXXXXXXXXXXXXXXXXXXXXXXXXXXXXXXXXXXXXXXXXXXXXXXXXXXXXXXXXXXXXXXXXXXXXXXXXXXXXXXXXXXXXXXXXXXXX');         
INSERT INTO VINEYARD VALUES                                                     
('V314    ','INDEP ','TASN    ','PIPERS CREEK    ','JANE HENSELY','XXXXXXXXXXXXXXXXXXXXXXXXXXXXXXXXXXXXXXXXXXXXXXXXXXXXXXXXXXXXXXXXXXXXXXXXXXXXXXXXXXXXXXXXXXXXXXXXX');         
INSERT INTO VINEYARD VALUES                                                     
('V315    ','INDEP ','YARRA   ','WINDY PEAK      ','OWEN BURNS','XXXXXXXXXXXXXXXXXXXXXXXXXXXXXXXXXXXXXXXXXXXXXXXXXXXXXXXXXXXXXXXXXXXXXXXXXXXXXXXXXXXXXXXXXXXXXX');         
INSERT INTO VINEYARD VALUES                                                      
('V316    ','INDEP ','YARRA   ','JASPER HILL     ','DAVID OAKLEY','XXXXXXXXXXXXXXXXXXXXXXXXXXXXXXXXXXXXXXXXXXXXXXXXXXXXXXXXXXXXXXXXXXXXXXXXXXXXXXXXXXXXXXXXXXXXXXX');         
INSERT INTO VINEYARD VALUES                                                     
('V317    ','INDEP ','YARRA   ','VIRGIN HILLS    ','WARREN GARDINER ','XXXXXXXXXXXXXXXXXXXXXXXXXXXXXXXXXXXXXXXXXXXXXXXXXXXXXXXXXXXXXXXXXXXXXXXXXXXXXXXXXXXXXXXXXXXXXXX');         
INSERT INTO VINEYARD VALUES                                                     
('V318    ','INDEP ','SWAN    ','MARGARET RIVER  ','KIM LYNCH','XXXXXXXXXXXXXXXXXXXXXXXXXXXXXXXXXXXXXXXXXXXXXXXXXXXXXXXXXXXXXXXXXXXXXXXXXXXXXXXXXXXXXXXXXXXXXXXXXX');         
INSERT INTO VINEYARD VALUES                                                     
('V319    ','INDEP ','SWAN    ','MULLEWA HILL    ','GUY LYNCH','XXXXXXXXXXXXXXXXXXXXXXXXXXXXXXXXXXXXXXXXXXXXXXXXXXXXXXXXXXXXXXXXXXXXXXXXXXXXXXXXXXXXXXXXXXXXXXXXXX');         
INSERT INTO VINEYARD VALUES                                                     
('V320    ','INDEP ','VICNE   ','LONG GULLY      ','PETER WESTON','XXXXXXXXXXXXXXXXXXXXXXXXXXXXXXXXXXXXXXXXXXXXXXXXXXXXXXXXXXXXXXXXXXXXXXXXXXXXXXXXXXXXXXXXXXXXXXX');         
INSERT INTO VINEYARD VALUES                                                     
('V401    ','BROWN ','VICNE   ','MILAWARA        ','JAMES BROWN','XXXXXXXXXXXXXXXXXXXXXXXXXXXXXXXXXXXXXXXXXXXXXXXXXXXXXXXXXXXXXXXXXXXXXXXXXXXXXXXXXXXXXXXX');         
INSERT INTO VINEYARD VALUES                                                     
('V402    ','BROWN ','VICNE   ','WHITFIELD GORGE ','THOMAS BROWN','XXXXXXXXXXXXXXXXXXXXXXXXXXXXXXXXXXXXXXXXXXXXXXXXXXXXXXXXXXXXXXXXXXXXXXXXXXXXXXXXXXXXXXX');         
INSERT INTO VINEYARD VALUES                                                     
('V403    ','HARDY ','HUNT    ','MUSWELL BROOK   ','TOM FORSTER','XXXXXXXXXXXXXXXXXXXXXXXXXXXXXXXXXXXXXXXXXXXXXXXXXXXXXXXXXXXXXXXXXXXXXXXXXXXXXXXXXXXXXXXX');         
INSERT INTO VINEYARD VALUES                                                     
('V404    ','HARDY ','MUDGE   ','KATOOMBA        ','JOHN JAMIESON','XXXXXXXXXXXXXXXXXXXXXXXXXXXXXXXXXXXXXXXXXXXXXXXXXXXXXXXXXXXXXXXXXXXXXXXXXXXXXXXXXXXXXXXX ');         
INSERT INTO VINEYARD VALUES                                                     
('V405    ','HOUGHT','SWAN    ','DARLING DOWNS   ','JIM PETERSON','XXXXXXXXXXXXXXXXXXXXXXXXXXXXXXXXXXXXXXXXXXXXXXXXXXXXXXXXXXXXXXXXXXXXXXXXXXXXXXXXXXXXXXX');         
INSERT INTO VINEYARD VALUES                                                     
('V406    ','LIN   ','COON    ','CURRENCY CREEK  ','NIGEL KILKENNY','XXXXXXXXXXXXXXXXXXXXXXXXXXXXXXXXXXXXXXXXXXXXXXXXXXXXXXXXXXXXXXXXXXXXXXXXXXXXXXXXXXXXXXXXXXXXX');         
INSERT INTO VINEYARD VALUES                                                     
('V407    ','LIN   ','COON    ','WINDY HILL      ','PATRICK KELLY','XXXXXXXXXXXXXXXXXXXXXXXXXXXXXXXXXXXXXXXXXXXXXXXXXXXXXXXXXXXXXXXXXXXXXXXXXXXXXXXXXXXXXXXXX');         
INSERT INTO VINEYARD VALUES                                                     
('V408    ','ORL   ','COON    ','DEAD MANS GULLY ','JACK HENSON','XXXXXXXXXXXXXXXXXXXXXXXXXXXXXXXXXXXXXXXXXXXXXXXXXXXXXXXXXXXXXXXXXXXXXXXXXXXXXXXXXXXXXXXXXXXXX');         
INSERT INTO VINEYARD VALUES                                                     
('V409    ','ORL   ','BAR     ','HAWKERS CREEK   ','VIC SMITH','XXXXXXXXXXXXXXXXXXXXXXXXXXXXXXXXXXXXXXXXXXXXXXXXXXXXXXXXXXXXXXXXXXXXXXXXXXXXXXXXXXXXXXXX');         
INSERT INTO VINEYARD VALUES                                                     
('V410    ','PEN   ','MACL    ','LONG FLAT       ','LAWRENCE GREEN','XXXXXXXXXXXXXXXXXXXXXXXXXXXXXXXXXXXXXXXXXXXXXXXXXXXXXXXXXXXXXXXXXXXXXXXXXXXXXXXXXXXXXXXXXXX');         
INSERT INTO VINEYARD VALUES                                                     
('V411    ','PEN   ','COON    ','JAMESTOWN       ','TOBY JACKSON','XXXXXXXXXXXXXXXXXXXXXXXXXXXXXXXXXXXXXXXXXXXXXXXXXXXXXXXXXXXXXXXXXXXXXXXXXXXXXXXXXXXXXX');         
INSERT INTO VINEYARD VALUES                                                     
('V412    ','PIPER ','TASN    ','PIPERS BROOK    ','JACK BURGESS','XXXXXXXXXXXXXXXXXXXXXXXXXXXXXXXXXXXXXXXXXXXXXXXXXXXXXXXXXXXXXXXXXXXXXXXXXXXXXXXXXXXXXXXXX');         
INSERT INTO VINEYARD VALUES                                                     
('V413    ','SEP   ','BAR     ','SEPPELTS        ','ED BENNETT','XXXXXXXXXXXXXXXXXXXXXXXXXXXXXXXXXXXXXXXXXXXXXXXXXXXXXXXXXXXXXXXXXXXXXXXXXXXXXXXXXXXXXXXXXXXXXXXXXXXX');         
INSERT INTO VINEYARD VALUES                                                     
('V414    ','INDEP ','TASN    ','PIPERS CREEK    ','JANE HENSELY','XXXXXXXXXXXXXXXXXXXXXXXXXXXXXXXXXXXXXXXXXXXXXXXXXXXXXXXXXXXXXXXXXXXXXXXXXXXXXXXXXXXXXXXXXXXXXXXXX');         
INSERT INTO VINEYARD VALUES                                                     
('V415    ','INDEP ','YARRA   ','WINDY PEAK      ','OWEN BURNS','XXXXXXXXXXXXXXXXXXXXXXXXXXXXXXXXXXXXXXXXXXXXXXXXXXXXXXXXXXXXXXXXXXXXXXXXXXXXXXXXXXXXXXXXXXXXXX');         
INSERT INTO VINEYARD VALUES                                                      
('V416    ','INDEP ','YARRA   ','JASPER HILL     ','DAVID OAKLEY','XXXXXXXXXXXXXXXXXXXXXXXXXXXXXXXXXXXXXXXXXXXXXXXXXXXXXXXXXXXXXXXXXXXXXXXXXXXXXXXXXXXXXXXXXXXXXXX');         
INSERT INTO VINEYARD VALUES                                                     
('V417    ','INDEP ','YARRA   ','VIRGIN HILLS    ','WARREN GARDINER ','XXXXXXXXXXXXXXXXXXXXXXXXXXXXXXXXXXXXXXXXXXXXXXXXXXXXXXXXXXXXXXXXXXXXXXXXXXXXXXXXXXXXXXXXXXXXXXX');         
INSERT INTO VINEYARD VALUES                                                     
('V418    ','INDEP ','SWAN    ','MARGARET RIVER  ','KIM LYNCH','XXXXXXXXXXXXXXXXXXXXXXXXXXXXXXXXXXXXXXXXXXXXXXXXXXXXXXXXXXXXXXXXXXXXXXXXXXXXXXXXXXXXXXXXXXXXXXXXXX');         
INSERT INTO VINEYARD VALUES                                                     
('V419    ','INDEP ','SWAN    ','MULLEWA HILL    ','GUY LYNCH','XXXXXXXXXXXXXXXXXXXXXXXXXXXXXXXXXXXXXXXXXXXXXXXXXXXXXXXXXXXXXXXXXXXXXXXXXXXXXXXXXXXXXXXXXXXXXXXXXX');         
INSERT INTO VINEYARD VALUES                                                     
('V420    ','INDEP ','VICNE   ','LONG GULLY      ','PETER WESTON','XXXXXXXXXXXXXXXXXXXXXXXXXXXXXXXXXXXXXXXXXXXXXXXXXXXXXXXXXXXXXXXXXXXXXXXXXXXXXXXXXXXXXXXXXXXXXXX');         
INSERT INTO VINEYARD VALUES                                                     
('V501    ','BROWN ','VICNE   ','MILAWARA        ','JAMES BROWN','XXXXXXXXXXXXXXXXXXXXXXXXXXXXXXXXXXXXXXXXXXXXXXXXXXXXXXXXXXXXXXXXXXXXXXXXXXXXXXXXXXXXXXXX');         
INSERT INTO VINEYARD VALUES                                                     
('V502    ','BROWN ','VICNE   ','WHITFIELD GORGE ','THOMAS BROWN','XXXXXXXXXXXXXXXXXXXXXXXXXXXXXXXXXXXXXXXXXXXXXXXXXXXXXXXXXXXXXXXXXXXXXXXXXXXXXXXXXXXXXXX');         
INSERT INTO VINEYARD VALUES                                                     
('V503    ','HARDY ','HUNT    ','MUSWELL BROOK   ','TOM FORSTER','XXXXXXXXXXXXXXXXXXXXXXXXXXXXXXXXXXXXXXXXXXXXXXXXXXXXXXXXXXXXXXXXXXXXXXXXXXXXXXXXXXXXXXXX');         
INSERT INTO VINEYARD VALUES                                                     
('V504    ','HARDY ','MUDGE   ','KATOOMBA        ','JOHN JAMIESON','XXXXXXXXXXXXXXXXXXXXXXXXXXXXXXXXXXXXXXXXXXXXXXXXXXXXXXXXXXXXXXXXXXXXXXXXXXXXXXXXXXXXXXXX ');         
INSERT INTO VINEYARD VALUES                                                     
('V505    ','HOUGHT','SWAN    ','DARLING DOWNS   ','JIM PETERSON','XXXXXXXXXXXXXXXXXXXXXXXXXXXXXXXXXXXXXXXXXXXXXXXXXXXXXXXXXXXXXXXXXXXXXXXXXXXXXXXXXXXXXXX');         
INSERT INTO VINEYARD VALUES                                                     
('V506    ','LIN   ','COON    ','CURRENCY CREEK  ','NIGEL KILKENNY','XXXXXXXXXXXXXXXXXXXXXXXXXXXXXXXXXXXXXXXXXXXXXXXXXXXXXXXXXXXXXXXXXXXXXXXXXXXXXXXXXXXXXXXXXXXXX');         
INSERT INTO VINEYARD VALUES                                                     
('V507    ','LIN   ','COON    ','WINDY HILL      ','PATRICK KELLY','XXXXXXXXXXXXXXXXXXXXXXXXXXXXXXXXXXXXXXXXXXXXXXXXXXXXXXXXXXXXXXXXXXXXXXXXXXXXXXXXXXXXXXXXX');         
INSERT INTO VINEYARD VALUES                                                     
('V508    ','ORL   ','COON    ','DEAD MANS GULLY ','JACK HENSON','XXXXXXXXXXXXXXXXXXXXXXXXXXXXXXXXXXXXXXXXXXXXXXXXXXXXXXXXXXXXXXXXXXXXXXXXXXXXXXXXXXXXXXXXXXXXX');         
INSERT INTO VINEYARD VALUES                                                     
('V509    ','ORL   ','BAR     ','HAWKERS CREEK   ','VIC SMITH','XXXXXXXXXXXXXXXXXXXXXXXXXXXXXXXXXXXXXXXXXXXXXXXXXXXXXXXXXXXXXXXXXXXXXXXXXXXXXXXXXXXXXXXX');         
INSERT INTO VINEYARD VALUES                                                     
('V510    ','PEN   ','MACL    ','LONG FLAT       ','LAWRENCE GREEN','XXXXXXXXXXXXXXXXXXXXXXXXXXXXXXXXXXXXXXXXXXXXXXXXXXXXXXXXXXXXXXXXXXXXXXXXXXXXXXXXXXXXXXXXXXX');         
INSERT INTO VINEYARD VALUES                                                     
('V511    ','PEN   ','COON    ','JAMESTOWN       ','TOBY JACKSON','XXXXXXXXXXXXXXXXXXXXXXXXXXXXXXXXXXXXXXXXXXXXXXXXXXXXXXXXXXXXXXXXXXXXXXXXXXXXXXXXXXXXXX');         
INSERT INTO VINEYARD VALUES                                                     
('V512    ','PIPER ','TASN    ','PIPERS BROOK    ','JACK BURGESS','XXXXXXXXXXXXXXXXXXXXXXXXXXXXXXXXXXXXXXXXXXXXXXXXXXXXXXXXXXXXXXXXXXXXXXXXXXXXXXXXXXXXXXXXX');         
INSERT INTO VINEYARD VALUES                                                     
('V513    ','SEP   ','BAR     ','SEPPELTS        ','ED BENNETT','XXXXXXXXXXXXXXXXXXXXXXXXXXXXXXXXXXXXXXXXXXXXXXXXXXXXXXXXXXXXXXXXXXXXXXXXXXXXXXXXXXXXXXXXXXXXXXXXXXXX');         
INSERT INTO VINEYARD VALUES                                                     
('V514    ','INDEP ','TASN    ','PIPERS CREEK    ','JANE HENSELY','XXXXXXXXXXXXXXXXXXXXXXXXXXXXXXXXXXXXXXXXXXXXXXXXXXXXXXXXXXXXXXXXXXXXXXXXXXXXXXXXXXXXXXXXXXXXXXXXX');         
INSERT INTO VINEYARD VALUES                                                     
('V515    ','INDEP ','YARRA   ','WINDY PEAK      ','OWEN BURNS','XXXXXXXXXXXXXXXXXXXXXXXXXXXXXXXXXXXXXXXXXXXXXXXXXXXXXXXXXXXXXXXXXXXXXXXXXXXXXXXXXXXXXXXXXXXXXX');         
INSERT INTO VINEYARD VALUES                                                      
('V516    ','INDEP ','YARRA   ','JASPER HILL     ','DAVID OAKLEY','XXXXXXXXXXXXXXXXXXXXXXXXXXXXXXXXXXXXXXXXXXXXXXXXXXXXXXXXXXXXXXXXXXXXXXXXXXXXXXXXXXXXXXXXXXXXXXX');         
INSERT INTO VINEYARD VALUES                                                     
('V517    ','INDEP ','YARRA   ','VIRGIN HILLS    ','WARREN GARDINER ','XXXXXXXXXXXXXXXXXXXXXXXXXXXXXXXXXXXXXXXXXXXXXXXXXXXXXXXXXXXXXXXXXXXXXXXXXXXXXXXXXXXXXXXXXXXXXXX');         
INSERT INTO VINEYARD VALUES                                                     
('V518    ','INDEP ','SWAN    ','MARGARET RIVER  ','KIM LYNCH','XXXXXXXXXXXXXXXXXXXXXXXXXXXXXXXXXXXXXXXXXXXXXXXXXXXXXXXXXXXXXXXXXXXXXXXXXXXXXXXXXXXXXXXXXXXXXXXXXX');         
INSERT INTO VINEYARD VALUES                                                     
('V519    ','INDEP ','SWAN    ','MULLEWA HILL    ','GUY LYNCH','XXXXXXXXXXXXXXXXXXXXXXXXXXXXXXXXXXXXXXXXXXXXXXXXXXXXXXXXXXXXXXXXXXXXXXXXXXXXXXXXXXXXXXXXXXXXXXXXXX');         
INSERT INTO VINEYARD VALUES                                                     
('V520    ','INDEP ','VICNE   ','LONG GULLY      ','PETER WESTON','XXXXXXXXXXXXXXXXXXXXXXXXXXXXXXXXXXXXXXXXXXXXXXXXXXXXXXXXXXXXXXXXXXXXXXXXXXXXXXXXXXXXXXXXXXXXXXX');         
INSERT INTO VINEYARD VALUES                                                     
('V601    ','BROWN ','VICNE   ','MILAWARA        ','JAMES BROWN','XXXXXXXXXXXXXXXXXXXXXXXXXXXXXXXXXXXXXXXXXXXXXXXXXXXXXXXXXXXXXXXXXXXXXXXXXXXXXXXXXXXXXXXX');         
INSERT INTO VINEYARD VALUES                                                     
('V602    ','BROWN ','VICNE   ','WHITFIELD GORGE ','THOMAS BROWN','XXXXXXXXXXXXXXXXXXXXXXXXXXXXXXXXXXXXXXXXXXXXXXXXXXXXXXXXXXXXXXXXXXXXXXXXXXXXXXXXXXXXXXX');         
INSERT INTO VINEYARD VALUES                                                     
('V603    ','HARDY ','HUNT    ','MUSWELL BROOK   ','TOM FORSTER','XXXXXXXXXXXXXXXXXXXXXXXXXXXXXXXXXXXXXXXXXXXXXXXXXXXXXXXXXXXXXXXXXXXXXXXXXXXXXXXXXXXXXXXX');         
INSERT INTO VINEYARD VALUES                                                     
('V604    ','HARDY ','MUDGE   ','KATOOMBA        ','JOHN JAMIESON','XXXXXXXXXXXXXXXXXXXXXXXXXXXXXXXXXXXXXXXXXXXXXXXXXXXXXXXXXXXXXXXXXXXXXXXXXXXXXXXXXXXXXXXX ');         
INSERT INTO VINEYARD VALUES                                                     
('V605    ','HOUGHT','SWAN    ','DARLING DOWNS   ','JIM PETERSON','XXXXXXXXXXXXXXXXXXXXXXXXXXXXXXXXXXXXXXXXXXXXXXXXXXXXXXXXXXXXXXXXXXXXXXXXXXXXXXXXXXXXXXX');         
INSERT INTO VINEYARD VALUES                                                     
('V606    ','LIN   ','COON    ','CURRENCY CREEK  ','NIGEL KILKENNY','XXXXXXXXXXXXXXXXXXXXXXXXXXXXXXXXXXXXXXXXXXXXXXXXXXXXXXXXXXXXXXXXXXXXXXXXXXXXXXXXXXXXXXXXXXXXX');         
INSERT INTO VINEYARD VALUES                                                     
('V607    ','LIN   ','COON    ','WINDY HILL      ','PATRICK KELLY','XXXXXXXXXXXXXXXXXXXXXXXXXXXXXXXXXXXXXXXXXXXXXXXXXXXXXXXXXXXXXXXXXXXXXXXXXXXXXXXXXXXXXXXXX');         
INSERT INTO VINEYARD VALUES                                                     
('V608    ','ORL   ','COON    ','DEAD MANS GULLY ','JACK HENSON','XXXXXXXXXXXXXXXXXXXXXXXXXXXXXXXXXXXXXXXXXXXXXXXXXXXXXXXXXXXXXXXXXXXXXXXXXXXXXXXXXXXXXXXXXXXXX');         
INSERT INTO VINEYARD VALUES                                                     
('V609    ','ORL   ','BAR     ','HAWKERS CREEK   ','VIC SMITH','XXXXXXXXXXXXXXXXXXXXXXXXXXXXXXXXXXXXXXXXXXXXXXXXXXXXXXXXXXXXXXXXXXXXXXXXXXXXXXXXXXXXXXXX');         
INSERT INTO VINEYARD VALUES                                                     
('V610    ','PEN   ','MACL    ','LONG FLAT       ','LAWRENCE GREEN','XXXXXXXXXXXXXXXXXXXXXXXXXXXXXXXXXXXXXXXXXXXXXXXXXXXXXXXXXXXXXXXXXXXXXXXXXXXXXXXXXXXXXXXXXXX');         
INSERT INTO VINEYARD VALUES                                                     
('V611    ','PEN   ','COON    ','JAMESTOWN       ','TOBY JACKSON','XXXXXXXXXXXXXXXXXXXXXXXXXXXXXXXXXXXXXXXXXXXXXXXXXXXXXXXXXXXXXXXXXXXXXXXXXXXXXXXXXXXXXX');         
INSERT INTO VINEYARD VALUES                                                     
('V612    ','PIPER ','TASN    ','PIPERS BROOK    ','JACK BURGESS','XXXXXXXXXXXXXXXXXXXXXXXXXXXXXXXXXXXXXXXXXXXXXXXXXXXXXXXXXXXXXXXXXXXXXXXXXXXXXXXXXXXXXXXXX');         
INSERT INTO VINEYARD VALUES                                                     
('V613    ','SEP   ','BAR     ','SEPPELTS        ','ED BENNETT','XXXXXXXXXXXXXXXXXXXXXXXXXXXXXXXXXXXXXXXXXXXXXXXXXXXXXXXXXXXXXXXXXXXXXXXXXXXXXXXXXXXXXXXXXXXXXXXXXXXX');         
INSERT INTO VINEYARD VALUES                                                     
('V614    ','INDEP ','TASN    ','PIPERS CREEK    ','JANE HENSELY','XXXXXXXXXXXXXXXXXXXXXXXXXXXXXXXXXXXXXXXXXXXXXXXXXXXXXXXXXXXXXXXXXXXXXXXXXXXXXXXXXXXXXXXXXXXXXXXXX');         
INSERT INTO VINEYARD VALUES                                                     
('V615    ','INDEP ','YARRA   ','WINDY PEAK      ','OWEN BURNS','XXXXXXXXXXXXXXXXXXXXXXXXXXXXXXXXXXXXXXXXXXXXXXXXXXXXXXXXXXXXXXXXXXXXXXXXXXXXXXXXXXXXXXXXXXXXXX');         
INSERT INTO VINEYARD VALUES                                                      
('V616    ','INDEP ','YARRA   ','JASPER HILL     ','DAVID OAKLEY','XXXXXXXXXXXXXXXXXXXXXXXXXXXXXXXXXXXXXXXXXXXXXXXXXXXXXXXXXXXXXXXXXXXXXXXXXXXXXXXXXXXXXXXXXXXXXXX');         
INSERT INTO VINEYARD VALUES                                                     
('V617    ','INDEP ','YARRA   ','VIRGIN HILLS    ','WARREN GARDINER ','XXXXXXXXXXXXXXXXXXXXXXXXXXXXXXXXXXXXXXXXXXXXXXXXXXXXXXXXXXXXXXXXXXXXXXXXXXXXXXXXXXXXXXXXXXXXXXX');         
INSERT INTO VINEYARD VALUES                                                     
('V618    ','INDEP ','SWAN    ','MARGARET RIVER  ','KIM LYNCH','XXXXXXXXXXXXXXXXXXXXXXXXXXXXXXXXXXXXXXXXXXXXXXXXXXXXXXXXXXXXXXXXXXXXXXXXXXXXXXXXXXXXXXXXXXXXXXXXXX');         
INSERT INTO VINEYARD VALUES                                                     
('V619    ','INDEP ','SWAN    ','MULLEWA HILL    ','GUY LYNCH','XXXXXXXXXXXXXXXXXXXXXXXXXXXXXXXXXXXXXXXXXXXXXXXXXXXXXXXXXXXXXXXXXXXXXXXXXXXXXXXXXXXXXXXXXXXXXXXXXX');         
INSERT INTO VINEYARD VALUES                                                     
('V620    ','INDEP ','VICNE   ','LONG GULLY      ','PETER WESTON','XXXXXXXXXXXXXXXXXXXXXXXXXXXXXXXXXXXXXXXXXXXXXXXXXXXXXXXXXXXXXXXXXXXXXXXXXXXXXXXXXXXXXXXXXXXXXXX');         
INSERT INTO VINEYARD VALUES                                                     
('V701    ','BROWN ','VICNE   ','MILAWARA        ','JAMES BROWN','XXXXXXXXXXXXXXXXXXXXXXXXXXXXXXXXXXXXXXXXXXXXXXXXXXXXXXXXXXXXXXXXXXXXXXXXXXXXXXXXXXXXXXXX');         
INSERT INTO VINEYARD VALUES                                                     
('V702    ','BROWN ','VICNE   ','WHITFIELD GORGE ','THOMAS BROWN','XXXXXXXXXXXXXXXXXXXXXXXXXXXXXXXXXXXXXXXXXXXXXXXXXXXXXXXXXXXXXXXXXXXXXXXXXXXXXXXXXXXXXXX');         
INSERT INTO VINEYARD VALUES                                                     
('V703    ','HARDY ','HUNT    ','MUSWELL BROOK   ','TOM FORSTER','XXXXXXXXXXXXXXXXXXXXXXXXXXXXXXXXXXXXXXXXXXXXXXXXXXXXXXXXXXXXXXXXXXXXXXXXXXXXXXXXXXXXXXXX');         
INSERT INTO VINEYARD VALUES                                                     
('V704    ','HARDY ','MUDGE   ','KATOOMBA        ','JOHN JAMIESON','XXXXXXXXXXXXXXXXXXXXXXXXXXXXXXXXXXXXXXXXXXXXXXXXXXXXXXXXXXXXXXXXXXXXXXXXXXXXXXXXXXXXXXXX ');         
INSERT INTO VINEYARD VALUES                                                     
('V705    ','HOUGHT','SWAN    ','DARLING DOWNS   ','JIM PETERSON','XXXXXXXXXXXXXXXXXXXXXXXXXXXXXXXXXXXXXXXXXXXXXXXXXXXXXXXXXXXXXXXXXXXXXXXXXXXXXXXXXXXXXXX');         
INSERT INTO VINEYARD VALUES                                                     
('V706    ','LIN   ','COON    ','CURRENCY CREEK  ','NIGEL KILKENNY','XXXXXXXXXXXXXXXXXXXXXXXXXXXXXXXXXXXXXXXXXXXXXXXXXXXXXXXXXXXXXXXXXXXXXXXXXXXXXXXXXXXXXXXXXXXXX');         
INSERT INTO VINEYARD VALUES                                                     
('V707    ','LIN   ','COON    ','WINDY HILL      ','PATRICK KELLY','XXXXXXXXXXXXXXXXXXXXXXXXXXXXXXXXXXXXXXXXXXXXXXXXXXXXXXXXXXXXXXXXXXXXXXXXXXXXXXXXXXXXXXXXX');         
INSERT INTO VINEYARD VALUES                                                     
('V708    ','ORL   ','COON    ','DEAD MANS GULLY ','JACK HENSON','XXXXXXXXXXXXXXXXXXXXXXXXXXXXXXXXXXXXXXXXXXXXXXXXXXXXXXXXXXXXXXXXXXXXXXXXXXXXXXXXXXXXXXXXXXXXX');         
INSERT INTO VINEYARD VALUES                                                     
('V709    ','ORL   ','BAR     ','HAWKERS CREEK   ','VIC SMITH','XXXXXXXXXXXXXXXXXXXXXXXXXXXXXXXXXXXXXXXXXXXXXXXXXXXXXXXXXXXXXXXXXXXXXXXXXXXXXXXXXXXXXXXX');         
INSERT INTO VINEYARD VALUES                                                     
('V710    ','PEN   ','MACL    ','LONG FLAT       ','LAWRENCE GREEN','XXXXXXXXXXXXXXXXXXXXXXXXXXXXXXXXXXXXXXXXXXXXXXXXXXXXXXXXXXXXXXXXXXXXXXXXXXXXXXXXXXXXXXXXXXX');         
INSERT INTO VINEYARD VALUES                                                     
('V711    ','PEN   ','COON    ','JAMESTOWN       ','TOBY JACKSON','XXXXXXXXXXXXXXXXXXXXXXXXXXXXXXXXXXXXXXXXXXXXXXXXXXXXXXXXXXXXXXXXXXXXXXXXXXXXXXXXXXXXXX');         
INSERT INTO VINEYARD VALUES                                                     
('V712    ','PIPER ','TASN    ','PIPERS BROOK    ','JACK BURGESS','XXXXXXXXXXXXXXXXXXXXXXXXXXXXXXXXXXXXXXXXXXXXXXXXXXXXXXXXXXXXXXXXXXXXXXXXXXXXXXXXXXXXXXXXX');         
INSERT INTO VINEYARD VALUES                                                     
('V713    ','SEP   ','BAR     ','SEPPELTS        ','ED BENNETT','XXXXXXXXXXXXXXXXXXXXXXXXXXXXXXXXXXXXXXXXXXXXXXXXXXXXXXXXXXXXXXXXXXXXXXXXXXXXXXXXXXXXXXXXXXXXXXXXXXXX');         
INSERT INTO VINEYARD VALUES                                                     
('V714    ','INDEP ','TASN    ','PIPERS CREEK    ','JANE HENSELY','XXXXXXXXXXXXXXXXXXXXXXXXXXXXXXXXXXXXXXXXXXXXXXXXXXXXXXXXXXXXXXXXXXXXXXXXXXXXXXXXXXXXXXXXXXXXXXXXX');         
INSERT INTO VINEYARD VALUES                                                     
('V715    ','INDEP ','YARRA   ','WINDY PEAK      ','OWEN BURNS','XXXXXXXXXXXXXXXXXXXXXXXXXXXXXXXXXXXXXXXXXXXXXXXXXXXXXXXXXXXXXXXXXXXXXXXXXXXXXXXXXXXXXXXXXXXXXX');         
INSERT INTO VINEYARD VALUES                                                      
('V716    ','INDEP ','YARRA   ','JASPER HILL     ','DAVID OAKLEY','XXXXXXXXXXXXXXXXXXXXXXXXXXXXXXXXXXXXXXXXXXXXXXXXXXXXXXXXXXXXXXXXXXXXXXXXXXXXXXXXXXXXXXXXXXXXXXX');         
INSERT INTO VINEYARD VALUES                                                     
('V717    ','INDEP ','YARRA   ','VIRGIN HILLS    ','WARREN GARDINER ','XXXXXXXXXXXXXXXXXXXXXXXXXXXXXXXXXXXXXXXXXXXXXXXXXXXXXXXXXXXXXXXXXXXXXXXXXXXXXXXXXXXXXXXXXXXXXXX');         
INSERT INTO VINEYARD VALUES                                                     
('V718    ','INDEP ','SWAN    ','MARGARET RIVER  ','KIM LYNCH','XXXXXXXXXXXXXXXXXXXXXXXXXXXXXXXXXXXXXXXXXXXXXXXXXXXXXXXXXXXXXXXXXXXXXXXXXXXXXXXXXXXXXXXXXXXXXXXXXX');         
INSERT INTO VINEYARD VALUES                                                     
('V719    ','INDEP ','SWAN    ','MULLEWA HILL    ','GUY LYNCH','XXXXXXXXXXXXXXXXXXXXXXXXXXXXXXXXXXXXXXXXXXXXXXXXXXXXXXXXXXXXXXXXXXXXXXXXXXXXXXXXXXXXXXXXXXXXXXXXXX');         
INSERT INTO VINEYARD VALUES                                                     
('V720    ','INDEP ','VICNE   ','LONG GULLY      ','PETER WESTON','XXXXXXXXXXXXXXXXXXXXXXXXXXXXXXXXXXXXXXXXXXXXXXXXXXXXXXXXXXXXXXXXXXXXXXXXXXXXXXXXXXXXXXXXXXXXXXX');         
commit;
    